Anexo do Ato Decis rio ConsEPE n  288 CALEND RIO ACAD MICO 2025 Recesso Reposi es 2024.3 Reposi es 2024.3 Recesso 10 In cio do quadrimestre Dias letivos Dias letivos Feriados Carnaval Carnaval Carnaval Carnaval Dias letivos Feriados Aniv. S.Andr /Recesso SBC Aniv. S.Andr /Recesso SBC Paix o de Cristo Ponto Facultativo Tiradentes 1 3 4 5 7 8 18 19 21 Feriados 1 2 3 Dia do trabalho Ponto Facultativo Ponto Facultativo 17 Fim do quadrimestre Recesso 1 2 3 3 4 5 6 7 8 8 9 10 11 12 12 08 de maio 05 de maio 06 de maio 07 de maio Reposi es quinta-feira segunda-feira ter a-feira quarta-feira 12 de maio 13 de maio 09 de maio 10 de maio 14 de maio Reposi es segunda-feira ter a-feira sexta-feira s bado quarta-feira Reposi es 15 de maio 16 de maio 17 de maio quinta-feira sexta-feira s bado Dias n o coincidentes com os dias da semana Feriado Reposi o 01 de mar o s bado para 08 de maio quinta-feira 03 de mar o segunda-feira para 05 de maio segunda-feira 04 de mar o ter a-feira 05 de mar o quarta-feira para para 06 de maio ter a-feira 07 de maio quarta-feira Dias n o coincidentes com os dias da semana 07 de abril segunda-feira para 12 de maio segunda-feira 08 de abril 18 de abril 19 de abril ter a-feira sexta-feira s bado para para para 13 de maio 09 de maio 10 de maio ter a-feira sexta-feira s bado 21 de abril segunda-feira para 14 de maio quarta-feira 01 de maio quinta-feira 02 de maio 03 de maio sexta-feira s bado para para para 15 de maio quinta-feira 16 de maio 17 de maio sexta-feira s bado Dias n o coincidentes com os dias da semana Dom Seg 5 12 19 26 6 13 20 27 JANEIRO Ter Qua Qui 2 1 9 8 16 15 23 22 30 29 7 14 21 28 Dom Seg FEVEREIRO Ter Qua Qui 2 9 16 23 3 10 17 24 4 11 18 25 5 12 19 26 6 13 20 27 Sex 3 10 17 24 31 Sex 7 14 21 28 Dom Seg Ter Qua Qui Sex MAR O 4 11 18 25 2 9 16 23 30 3 10 17 24 31 01 a 05 - Carnaval 5 12 19 26 6 13 20 27 7 14 21 28 ABRIL Sab 4 11 18 25 Sab 1 8 15 22 Sab 1 8 15 22 29 Dom Seg 7 14 21 28 6 13 20 27 Ter Qua Qui 3 2 1 10 9 8 17 16 15 24 23 22 30 29 07 e 08 - Feriado municipal - SA e recesso 18 e 19 - Paix o de Cristo 21 - Tiradentes Sex 4 11 18 25 Sab 5 12 19 26 MAIO Dom Seg Ter Qua Qui 1 8 6 15 13 22 20 29 27 01 a 03- Dia do Trabalhador 19 a 31 - recesso 4 11 18 25 5 12 19 26 7 14 21 28 Sex 2 9 16 23 30 Sab 3 10 17 24 31 i s e     s o p e r e o s s e c e R 5 2 0 2 e r t s e m i r d a u q   1 o s s e c e R ANEXO - ATO DECIS RIO N  288/2024 - CONSEPE (11.99)Boletim de Servi o n  1376 30 de agosto de 2024 JUNHO Ter Qua Qui 5 4 3 12 11 10 19 18 17 26 25 24 Sex 6 13 20 27 Sab 7 14 21 28 Dom Seg 2 9 16 23 30 1 8 15 22 29 19 a 21 - Corpus Christi Dom Seg 6 13 20 27 7 14 21 28 JULHO Ter Qua Qui 3 2 1 10 9 8 17 16 15 24 23 22 31 30 29 Sex 4 11 18 25 Sab 5 12 19 26 09 - Revolu o Constitucionalista Dom Seg Ter Qua Qui AGOSTO 4 11 18 25 5 12 19 26 6 13 20 27 7 14 21 28 3 10 17 24 31 Sex 1 8 15 22 29 Sab 2 9 16 23 30 20 - Feriado municipal - SB e recesso em SA 30/08 a 13/09 - recesso 1 2 3 4 5 5 6 7 8 9 9 10 11 12 2 In cio do quadrimestre Dias letivos Feriados 19 20 21 Corpus Christi Ponto Facultativo Ponto Facultativo Reposi es 28 de agosto 29 de agosto 25 de agosto quinta-feira sexta-feira segunda-feira Dias n o coincidentes com os dias da semana Dias letivos Feriados Reposi es 9 Revolu o Constitucionalista 27 de agosto quarta-feira Dias letivos Feriados Reposi es 19 de junho quinta-feira 20 de junho sexta-feira 21 de junho s bado 20 Aniv. S. Bernardo/Recesso S. Andr  26 de agosto ter a-feira Dias n o coincidentes com os dias da semana 09 de julho quarta-feira 20 de agosto quarta-feira para para para para para 28 de agosto quinta-feira 29 de agosto sexta-feira 25 de agosto segunda-feira 27 de agosto quarta-feira 26 de agosto ter a-feira Feriado Reposi o 29 30 Fim do quadrimestre Recesso Dias n o coincidentes com os dias da semana Dom Seg 1 8 7 SETEMBRO Ter Qua Qui 4 3 2 11 10 9 Sex 5 12 Sab 6 13 Recesso 5 2 0 2 e r t s e m i r d a u q   2 o s s e c e R ANEXO - ATO DECIS RIO N  288/2024 - CONSEPE (11.99)Boletim de Servi o n  1376 30 de agosto de 2024 SETEMBRO 18 25 17 24 19 26 20 27 14 21 28 15 22 29 16 23 30 5 2 0 2 e r t s e m i r d a u q   3 Dom Seg 5 12 19 26 6 13 20 27 OUTUBRO Ter Qua Qui 2 1 9 8 16 15 23 22 30 29 7 14 21 28 Sab 4 11 18 25 Sex 3 10 17 24 31 27 e 28 - Dia do Servidor P blico Dom Seg NOVEMBRO Ter Qua Qui 3 10 17 24 4 11 18 25 5 12 19 26 6 13 20 27 2 9 16 23 30 Sex 7 14 21 28 Sab 1 8 15 22 29 15 - Proclama o da Rep blica 20 a 22 - Dia da Consci ncia Negra Dom Seg 1 8 15 22 29 7 14 21 28 DEZEMBRO Ter Qua Qui 4 3 2 11 10 9 18 17 16 24 23 25 31 30 Sex 5 12 19 26 Sab 6 13 20 27 1 2 3 3 4 5 6 7 7 8 9 10 11 12 12 15 In cio do quadrimestre Dias letivos 23 24 25 Congresso UFABC e UFABC para Todos Dias letivos Feriados 27 28 Ponto Facultativo Dia do servidor p blico Reposi es 28 de agosto 29 de agosto quinta-feira sexta-feira Dias letivos Feriados Proclama o da Rep blica Dia da Consci ncia Negra Ponto Facultativo Ponto Facultativo 15 20 21 22 Reposi es 10 de dezembro 11 de dezembro 12 de dezembro 13 de dezembro quarta-feira quinta-feira sexta-feira s bado Dias n o coincidentes com os dias da semana Dias letivos Reposi es 13 Final do quadrimestre Recesso Feriado Reposi o 27 de outubro segunda-feira para 08 de dezembro segunda-feira 28 de outubro ter a-feira para 09 de dezembro ter a-feira 15 de novembro s bado para 10 de dezembro quarta-feira 20 de novembro quinta-feira para 11 de dezembro quinta-feira 21 de novembro sexta-feira para 12 de dezembro sexta-feira 22 de novembro s bado para 13 de dezembro s bado Dias n o coincidentes com os dias da semana ANEXO - ATO DECIS RIO N  288/2024 - CONSEPE (11.99)Boletim de Servi o n  1376 30 de agosto de 2024